,sex,macula,compl_def,coagulation,hypertension,type2_diabetes,obesity,cad,age_over_65
sex,1,0.011469312,0.000629525,0.133829951,0.229578471,0.13248337,0.07313153,0.209781529,0.288123845
macula,0.011469312,1,0,0.053174603,0.039559339,0.050473186,0.038418079,0.040792541,0.028524184
compl_def,0.000629525,0,1,0.002419355,0.002012072,0.001094092,0,0.002355713,0.000832639
coagulation,0.133829951,0.053174603,0.002419355,1,0.3831976,0.2485482,0.259124088,0.380818054,0.200990099
hypertension,0.229578471,0.039559339,0.002012072,0.3831976,1,0.366163996,0.286627111,0.552653749,0.33862111
type2_diabetes,0.13248337,0.050473186,0.001094092,0.2485482,0.366163996,1,0.237215909,0.331122449,0.192723343
obesity,0.07313153,0.038418079,0,0.259124088,0.286627111,0.237215909,1,0.263868066,0.111072902
cad,0.209781529,0.040792541,0.002355713,0.380818054,0.552653749,0.331122449,0.263868066,1,0.312199808
age_over_65,0.288123845,0.028524184,0.000832639,0.200990099,0.33862111,0.192723343,0.111072902,0.312199808,1