{
  "macula": {
    "univariate": {
      "coef": 0.7680153082457838,
      "exp(coef)": 2.1554840343584254,
      "se(coef)": 0.2712184737720757,
      "coef lower 95%": 0.23643686771059413,
      "coef upper 95%": 1.2995937487809734,
      "exp(coef) lower 95%": 1.2667275816834065,
      "exp(coef) upper 95%": 3.667806314124513,
      "z": 2.831721960397145,
      "p": 0.004629808776289878,
      "-log2(p)": 7.754831677179915
    },
    "age_sex_corrected": {
      "coef": 0.6041448012414669,
      "exp(coef)": 1.8296867937361267,
      "se(coef)": 0.27370387574527305,
      "coef lower 95%": 0.06769506235170564,
      "coef upper 95%": 1.140594540131228,
      "exp(coef) lower 95%": 1.070038963558746,
      "exp(coef) upper 95%": 3.128627907191712,
      "z": 2.2072935562071616,
      "p": 0.027293557200863214,
      "-log2(p)": 5.1952957547961125
    }
  },
  "age_over_65": {
    "univariate": {
      "coef": 0.5198601594353247,
      "exp(coef)": 1.6817924504481343,
      "se(coef)": 0.09091464806020921,
      "coef lower 95%": 0.34167072357018036,
      "coef upper 95%": 0.6980495953004691,
      "exp(coef) lower 95%": 1.4072968315376937,
      "exp(coef) upper 95%": 2.0098289024738576,
      "z": 5.718112213238087,
      "p": 1.0771400492551291e-08,
      "-log2(p)": 26.46821891847382
    },
    "age_sex_corrected": {
      "coef": 0.26422645732313976,
      "exp(coef)": 1.3024231061576013,
      "se(coef)": 0.1551373388112537,
      "coef lower 95%": -0.03983713940430539,
      "coef upper 95%": 0.5682900540505849,
      "exp(coef) lower 95%": 0.9609459266351971,
      "exp(coef) upper 95%": 1.7652459940102134,
      "z": 1.7031777091690883,
      "p": 0.08853481686124799,
      "-log2(p)": 3.4976112742952883
    }
  },
  "refctrl": {
    "univariate": {
      "coef": 0.37713121530446614,
      "exp(coef)": 1.4580956212803133,
      "se(coef)": 0.12493611506320326,
      "coef lower 95%": 0.1322609294122356,
      "coef upper 95%": 0.6220015011966966,
      "exp(coef) lower 95%": 1.1414061068393573,
      "exp(coef) upper 95%": 1.8626524144714818,
      "z": 3.0185924631455143,
      "p": 0.0025395189396794386,
      "-log2(p)": 8.621229051077641
    },
    "age_sex_corrected": {
      "coef": 0.34031095073463563,
      "exp(coef)": 1.4053845279784885,
      "se(coef)": 0.12497240873821275,
      "coef lower 95%": 0.09536953054651989,
      "coef upper 95%": 0.5852523709227514,
      "exp(coef) lower 95%": 1.1000652877538337,
      "exp(coef) upper 95%": 1.7954440463385448,
      "z": 2.723088673496768,
      "p": 0.006467469612132048,
      "-log2(p)": 7.272582914341849
    }
  },
  "compl_def": {
    "univariate": {
      "coef": -11.90105809393595,
      "exp(coef)": 6.783223721032073e-06,
      "se(coef)": 670.9242990190912,
      "coef lower 95%": -1326.8885205241368,
      "coef upper 95%": 1303.0864043362649,
      "exp(coef) lower 95%": 0.0,
      "exp(coef) upper 95%": Infinity,
      "z": -0.01773830238573205,
      "p": 0.9858476245634188,
      "-log2(p)": 0.020563418136823483
    },
    "age_sex_corrected": {
      "coef": -11.916557474670185,
      "exp(coef)": 6.6788985304011795e-06,
      "se(coef)": 658.7599340466822,
      "coef lower 95%": -1303.0623026641488,
      "coef upper 95%": 1279.2291877148082,
      "exp(coef) lower 95%": 0.0,
      "exp(coef) upper 95%": Infinity,
      "z": -0.018089378024963083,
      "p": 0.985567551674735,
      "-log2(p)": 0.02097333663109113
    }
  },
  "coagulation": {
    "univariate": {
      "coef": 0.4039621217129773,
      "exp(coef)": 1.4977472137848167,
      "se(coef)": 0.1035923562710623,
      "coef lower 95%": 0.2009248343480532,
      "coef upper 95%": 0.6069994090779014,
      "exp(coef) lower 95%": 1.2225328758890188,
      "exp(coef) upper 95%": 1.834917293957355,
      "z": 3.8995359914003704,
      "p": 9.637721063155005e-05,
      "-log2(p)": 13.340948427522264
    },
    "age_sex_corrected": {
      "coef": 0.3852740087508396,
      "exp(coef)": 1.4700170638005239,
      "se(coef)": 0.10500692921336083,
      "coef lower 95%": 0.17946420936550553,
      "coef upper 95%": 0.5910838081361737,
      "exp(coef) lower 95%": 1.196576077084063,
      "exp(coef) upper 95%": 1.805944652621448,
      "z": 3.6690341450516226,
      "p": 0.00024346856305011765,
      "-log2(p)": 12.00397687771266
    }
  },
  "hypertension": {
    "univariate": {
      "coef": 0.5566450135458402,
      "exp(coef)": 1.7448088594897382,
      "se(coef)": 0.09172548369696612,
      "coef lower 95%": 0.3768663690352707,
      "coef upper 95%": 0.7364236580564096,
      "exp(coef) lower 95%": 1.4577095012283716,
      "exp(coef) upper 95%": 2.0884531201782552,
      "z": 6.068597200150296,
      "p": 1.2903231387258183e-09,
      "-log2(p)": 29.529620445502257
    },
    "age_sex_corrected": {
      "coef": 0.44429089758342616,
      "exp(coef)": 1.5593840406987516,
      "se(coef)": 0.09660220403624697,
      "coef lower 95%": 0.25495405684519223,
      "coef upper 95%": 0.6336277383216601,
      "exp(coef) lower 95%": 1.2904023343567839,
      "exp(coef) upper 95%": 1.884434429203094,
      "z": 4.5991797186813645,
      "p": 4.241577533245271e-06,
      "-log2(p)": 17.846967635641946
    }
  },
  "type2_diabetes": {
    "univariate": {
      "coef": 0.6158802612123596,
      "exp(coef)": 1.8512854973416915,
      "se(coef)": 0.10812590210912036,
      "coef lower 95%": 0.40395738728258024,
      "coef upper 95%": 0.827803135142139,
      "exp(coef) lower 95%": 1.4977401228216667,
      "exp(coef) upper 95%": 2.2882861588904313,
      "z": 5.6959548933133055,
      "p": 1.226833122528509e-08,
      "-log2(p)": 26.280485736401097
    },
    "age_sex_corrected": {
      "coef": 0.481643699429561,
      "exp(coef)": 1.618732927075267,
      "se(coef)": 0.11055202921306809,
      "coef lower 95%": 0.2649657037541276,
      "coef upper 95%": 0.6983216951049944,
      "exp(coef) lower 95%": 1.303386273755706,
      "exp(coef) upper 95%": 2.01037585093426,
      "z": 4.3567151399933515,
      "p": 1.3202891546284449e-05,
      "-log2(p)": 16.20878654768327
    }
  },
  "obesity": {
    "univariate": {
      "coef": 0.2587135458832235,
      "exp(coef)": 1.2952627183429837,
      "se(coef)": 0.12427856892492656,
      "coef lower 95%": 0.015132026740188681,
      "coef upper 95%": 0.5022950650262583,
      "exp(coef) lower 95%": 1.0152470955322008,
      "exp(coef) upper 95%": 1.6525095387244506,
      "z": 2.0817229239218675,
      "p": 0.037367785484250356,
      "-log2(p)": 4.7420611215218536
    },
    "age_sex_corrected": {
      "coef": 0.37557275010218155,
      "exp(coef)": 1.4558249997948072,
      "se(coef)": 0.12577926165779532,
      "coef lower 95%": 0.12904992725086298,
      "coef upper 95%": 0.6220955729535002,
      "exp(coef) lower 95%": 1.1377469273239662,
      "exp(coef) upper 95%": 1.862827645698451,
      "z": 2.9859672027968607,
      "p": 0.0028268295907635113,
      "-log2(p)": 8.466599368585491
    }
  },
  "cad": {
    "univariate": {
      "coef": 0.6899958009444687,
      "exp(coef)": 1.9937071615384212,
      "se(coef)": 0.0923873384866112,
      "coef lower 95%": 0.5089199448831995,
      "coef upper 95%": 0.8710716570057379,
      "exp(coef) lower 95%": 1.6634935596171876,
      "exp(coef) upper 95%": 2.38947017437465,
      "z": 7.468510428455119,
      "p": 8.110768948837871e-14,
      "-log2(p)": 43.4871546314791
    },
    "age_sex_corrected": {
      "coef": 0.5870925523579754,
      "exp(coef)": 1.798751030933235,
      "se(coef)": 0.09654315779131993,
      "coef lower 95%": 0.39787144013322084,
      "coef upper 95%": 0.77631366458273,
      "exp(coef) lower 95%": 1.4886526366201491,
      "exp(coef) upper 95%": 2.173445430916172,
      "z": 6.081140971450181,
      "p": 1.1933031634205178e-09,
      "-log2(p)": 29.642392241966903
    }
  },
  "smoker": {
    "univariate": {
      "coef": 0.1220146957354232,
      "exp(coef)": 1.1297707044696859,