{
  "macula": {
    "univariate": {
      "coef": 1.0969163803124882,
      "exp(coef)": 2.9949165866530896,
      "se(coef)": 0.21716505528354577,
      "coef lower 95%": 0.6712806932560886,
      "coef upper 95%": 1.5225520673688877,
      "exp(coef) lower 95%": 1.9567417025234695,
      "exp(coef) upper 95%": 4.583908724101111,
      "z": 5.051072231120601,
      "p": 4.3933688523888176e-07,
      "-log2(p)": 21.11816903590011
    },
    "age_sex_corrected": {
      "coef": 0.4257282206074362,
      "exp(coef)": 1.5307047046012991,
      "se(coef)": 0.2180265203974279,
      "coef lower 95%": -0.0015959070461099567,
      "coef upper 95%": 0.8530523482609824,
      "exp(coef) lower 95%": 0.9984053657363692,
      "exp(coef) upper 95%": 2.346799179069355,
      "z": 1.952644200491761,
      "p": 0.05086176982661574,
      "-log2(p)": 4.297274525708609
    }
  },
  "age_over_65": {
    "univariate": {
      "coef": 2.1751890506095357,
      "exp(coef)": 8.803849337955748,
      "se(coef)": 0.10719414585098155,
      "coef lower 95%": 1.9650923853880782,
      "coef upper 95%": 2.3852857158309932,
      "exp(coef) lower 95%": 7.135571782276377,
      "exp(coef) upper 95%": 10.862165714307688,
      "z": 20.292050777039872,
      "p": 1.5115665054226702e-91,
      "-log2(p)": 301.69941217915004
    },
    "age_sex_corrected": {
      "coef": 0.5178524676150552,
      "exp(coef)": 1.6784193167414974,
      "se(coef)": 0.15668896884011888,
      "coef lower 95%": 0.21074773191370344,
      "coef upper 95%": 0.824957203316407,
      "exp(coef) lower 95%": 1.2346008653759444,
      "exp(coef) upper 95%": 2.2817831104898594,
      "z": 3.304970805848226,
      "p": 0.0009498629352989877,
      "-log2(p)": 10.039993031190935
    }
  },
  "refctrl": {
    "univariate": {
      "coef": 0.2792427990292948,
      "exp(coef)": 1.3221283163738748,
      "se(coef)": 0.11304051961129963,
      "coef lower 95%": 0.057687451797453826,
      "coef upper 95%": 0.5007981462611357,
      "exp(coef) lower 95%": 1.0593838354476353,
      "exp(coef) upper 95%": 1.6500377167063358,
      "z": 2.4702894147116203,
      "p": 0.013500377940176956,
      "-log2(p)": 6.210856393995888
    },
    "age_sex_corrected": {
      "coef": 0.2761056687506825,
      "exp(coef)": 1.3179871267224126,
      "se(coef)": 0.11340619590550668,
      "coef lower 95%": 0.05383360915219565,
      "coef upper 95%": 0.4983777283491693,
      "exp(coef) lower 95%": 1.0553089937875009,
      "exp(coef) upper 95%": 1.646048765273562,
      "z": 2.434661232978326,
      "p": 0.014905737493305756,
      "-log2(p)": 6.067988432250864
    }
  },
  "compl_def": {
    "univariate": {
      "coef": -11.901135023388472,
      "exp(coef)": 6.7827019114164015e-06,
      "se(coef)": 586.805769028229,
      "coef lower 95%": -1162.0193082390467,
      "coef upper 95%": 1138.21703819227,
      "exp(coef) lower 95%": 0.0,
      "exp(coef) upper 95%": Infinity,
      "z": -0.02028121680381086,
      "p": 0.9838190395252385,
      "-log2(p)": 0.02353511955487806
    },
    "age_sex_corrected": {
      "coef": -12.86415603147034,
      "exp(coef)": 2.5892144446814613e-06,
      "se(coef)": 959.9467809006152,
      "coef lower 95%": -1894.3252736718384,
      "coef upper 95%": 1868.5969616088976,
      "exp(coef) lower 95%": 0.0,
      "exp(coef) upper 95%": Infinity,
      "z": -0.013400905432904606,
      "p": 0.9893079444760886,
      "-log2(p)": 0.015508432531077138
    }
  },
  "coagulation": {
    "univariate": {
      "coef": 0.8470814076067559,
      "exp(coef)": 2.3328283315021188,
      "se(coef)": 0.08486898357786274,
      "coef lower 95%": 0.6807412563896236,
      "coef upper 95%": 1.0134215588238882,
      "exp(coef) lower 95%": 1.9753414241302656,
      "exp(coef) upper 95%": 2.7550113402067127,
      "z": 9.981048103746925,
      "p": 1.845073834418632e-23,
      "-log2(p)": 75.52066763256363
    },
    "age_sex_corrected": {
      "coef": 0.5950263323530361,
      "exp(coef)": 1.8130786869596416,
      "se(coef)": 0.08550528466096546,
      "coef lower 95%": 0.4274390539296987,
      "coef upper 95%": 0.7626136107763736,
      "exp(coef) lower 95%": 1.5333257266430986,
      "exp(coef) upper 95%": 2.143872151877387,
      "z": 6.95894218365985,
      "p": 3.4283716443343266e-12,
      "-log2(p)": 38.08561362885489
    }
  },
  "hypertension": {
    "univariate": {
      "coef": 1.3227649195808389,
      "exp(coef)": 3.753785958339857,
      "se(coef)": 0.08229347898523928,
      "coef lower 95%": 1.1614726646072662,
      "coef upper 95%": 1.4840571745544116,
      "exp(coef) lower 95%": 3.194634438719717,
      "exp(coef) upper 95%": 4.410804832704601,
      "z": 16.07375135784573,
      "p": 3.897679447601696e-58,
      "-log2(p)": 190.70921405791267
    },
    "age_sex_corrected": {
      "coef": 0.8345009725932462,
      "exp(coef)": 2.3036641698437377,
      "se(coef)": 0.0831239344945849,
      "coef lower 95%": 0.6715810547305932,
      "coef upper 95%": 0.9974208904558992,
      "exp(coef) lower 95%": 1.957329520621,
      "exp(coef) upper 95%": 2.7112801148261085,
      "z": 10.039238128792011,
      "p": 1.0246246228718107e-23,
      "-log2(p)": 76.36925071551767
    }
  },
  "type2_diabetes": {
    "univariate": {
      "coef": 1.0763818748305694,
      "exp(coef)": 2.934044582790812,
      "se(coef)": 0.08712219327123152,
      "coef lower 95%": 0.9056255137648177,
      "coef upper 95%": 1.247138235896321,
      "exp(coef) lower 95%": 2.4734786341951582,
      "exp(coef) upper 95%": 3.4803686980725654,
      "z": 12.354852815511013,
      "p": 4.5859471133201064e-35,
      "-log2(p)": 114.07026360368603
    },
    "age_sex_corrected": {
      "coef": 0.6841795655538796,
      "exp(coef)": 1.98214494825848,
      "se(coef)": 0.08750135992870554,
      "coef lower 95%": 0.5126800514953405,
      "coef upper 95%": 0.8556790796124187,
      "exp(coef) lower 95%": 1.6697602470730173,
      "exp(coef) upper 95%": 2.352971693267773,
      "z": 7.81907351052985,
      "p": 5.321353020621436e-15,
      "-log2(p)": 47.41712830766668
    }
  },
  "obesity": {
    "univariate": {
      "coef": 0.4779498305254045,
      "exp(coef)": 1.612764569802831,
      "se(coef)": 0.10342972057639929,
      "coef lower 95%": 0.27523130326462053,
      "coef upper 95%": 0.6806683577861885,
      "exp(coef) lower 95%": 1.3168352279313928,
      "exp(coef) upper 95%": 1.9751974297476975,
      "z": 4.6210105553979774,
      "p": 3.818753433153749e-06,
      "-log2(p)": 17.998466797373712
    },
    "age_sex_corrected": {
      "coef": 0.6501295918576429,
      "exp(coef)": 1.9157890835938574,
      "se(coef)": 0.105486717623131,
      "coef lower 95%": 0.4433794244689595,
      "coef upper 95%": 0.8568797592463262,
      "exp(coef) lower 95%": 1.557963351628829,
      "exp(coef) upper 95%": 2.355798555197206,
      "z": 6.1631417348707345,
      "p": 7.131561977458988e-10,
      "-log2(p)": 30.385062853924467
    }
  },
  "cad": {
    "univariate": {
      "coef": 1.3065011287188701,
      "exp(coef)": 3.693228946685759,
      "se(coef)": 0.08097481263123926,
      "coef lower 95%": 1.1477934123067621,
      "coef upper 95%": 1.4652088451309782,
      "exp(coef) lower 95%": 3.151231763097078,
      "exp(coef) upper 95%": 4.328447121017866,
      "z": 16.134660720595917,
      "p": 1.4560551825307759e-58,
      "-log2(p)": 192.1297644706949
    },
    "age_sex_corrected": {
      "coef": 0.8000906858569845,
      "exp(coef)": 2.225742762730439,
      "se(coef)": 0.08266328307912325,
      "coef lower 95%": 0.6380736281780637,
      "coef upper 95%": 0.9621077435359053,
      "exp(coef) lower 95%": 1.8928310685531873,
      "exp(coef) upper 95%": 2.617207065199715,
      "z": 9.678912523848798,
      "p": 3.70637288823544e-22,
      "-log2(p)": 71.19241005317633
    }
  },
  "smoker": {
    "univariate": {
      "coef": 0.42214023572097087,
      "exp(coef)": 1.5252224003493786,
      "se(coef)": 0.1171570207811378,