{
  "age_over_65": {
    "univariate": {
      "coef": 2.24811823708592,
      "exp(coef)": 9.469898954577811,
      "se(coef)": 0.11757555408069502,
      "coef lower 95%": 2.0176743856254165,
      "coef upper 95%": 2.4785620885464237,
      "exp(coef) lower 95%": 7.520814066490386,
      "exp(coef) upper 95%": 11.924106275873262,
      "z": 19.12062634672324,
      "p": 1.7005313869493955e-81,
      "-log2(p)": 268.3101900515575
    },
    "age_sex_corrected": {
      "coef": 0.5611398976789002,
      "exp(coef)": 1.7526692256307836,
      "se(coef)": 0.17019561922786663,
      "coef lower 95%": 0.22756261366578884,
      "coef upper 95%": 0.8947171816920114,
      "exp(coef) lower 95%": 1.2555360510077171,
      "exp(coef) upper 95%": 2.446643735962568,
      "z": 3.2970290317967423,
      "p": 0.0009771340039733418,
      "-log2(p)": 9.999155952861635
    }
  },
  "refctrl": {
    "univariate": {
      "coef": 0.24850403445612199,
      "exp(coef)": 1.2821059949592561,
      "se(coef)": 0.12234257185455179,
      "coef lower 95%": 0.008716999845196804,
      "coef upper 95%": 0.48829106906704717,
      "exp(coef) lower 95%": 1.0087551035244628,
      "exp(coef) upper 95%": 1.6295290864623626,
      "z": 2.0312147332619306,
      "p": 0.042233216462292035,
      "-log2(p)": 4.565478063462195
    },
    "age_sex_corrected": {
      "coef": 0.26577427445318746,
      "exp(coef)": 1.3044405798893044,
      "se(coef)": 0.12264017373642216,
      "coef lower 95%": 0.025403950872064984,
      "coef upper 95%": 0.50614459803431,
      "exp(coef) lower 95%": 1.0257293811263386,
      "exp(coef) upper 95%": 1.6588831886569153,
      "z": 2.1671061476510025,
      "p": 0.03022676127743744,
      "-log2(p)": 5.048029783726527
    }
  },
  "macula": {
    "univariate": {
      "coef": 1.2092957694431017,
      "exp(coef)": 3.351123857554164,
      "se(coef)": 0.21768315795566331,
      "coef lower 95%": 0.7826446198090579,
      "coef upper 95%": 1.6359469190771456,
      "exp(coef) lower 95%": 2.1872490656175443,
      "exp(coef) upper 95%": 5.134317479064979,
      "z": 5.555302398219551,
      "p": 2.77131563725839e-08,
      "-log2(p)": 25.104853724073696
    },
    "age_sex_corrected": {
      "coef": 0.5025330160144934,
      "exp(coef)": 1.65290280178907,
      "se(coef)": 0.21860080481744126,
      "coef lower 95%": 0.07408331158083858,
      "coef upper 95%": 0.9309827204481482,
      "exp(coef) lower 95%": 1.0768965197105083,
      "exp(coef) upper 95%": 2.537001115851501,
      "z": 2.2988616919053464,
      "p": 0.021512794316478213,
      "-log2(p)": 5.538661259867455
    }
  },
  "compl_def": {
    "univariate": {
      "coef": -11.90112865007611,
      "exp(coef)": 6.782745139832091e-06,
      "se(coef)": 617.4923128387561,
      "coef lower 95%": -1222.163822544378,
      "coef upper 95%": 1198.3615652442259,
      "exp(coef) lower 95%": 0.0,
      "exp(coef) upper 95%": Infinity,
      "z": -0.019273322764722118,
      "p": 0.9846230653250637,
      "-log2(p)": 0.022356559011182053
    },
    "age_sex_corrected": {
      "coef": -12.902776041391308,
      "exp(coef)": 2.491125251358483e-06,
      "se(coef)": 1029.1363660368288,
      "coef lower 95%": -2029.9729886540058,
      "coef upper 95%": 2004.1674365712233,
      "exp(coef) lower 95%": 0.0,
      "exp(coef) upper 95%": Infinity,
      "z": -0.012537479450929798,
      "p": 0.9899968007798715,
      "-log2(p)": 0.014504231822864243
    }
  },
  "coagulation": {
    "univariate": {
      "coef": 0.7998150939128047,
      "exp(coef)": 2.225129450471055,
      "se(coef)": 0.0921634228758922,
      "coef lower 95%": 0.619178104384121,
      "coef upper 95%": 0.9804520834414884,
      "exp(coef) lower 95%": 1.8574008247310112,
      "exp(coef) upper 95%": 2.6656610707980346,
      "z": 8.678226881719013,
      "p": 4.019865207399256e-18,
      "-log2(p)": 57.78755858166209
    },
    "age_sex_corrected": {
      "coef": 0.5228850998535188,
      "exp(coef)": 1.6868874745936757,
      "se(coef)": 0.09282978403296627,
      "coef lower 95%": 0.34094206645627356,
      "coef upper 95%": 0.7048281332507641,
      "exp(coef) lower 95%": 1.4062717681952177,
      "exp(coef) upper 95%": 2.023498882860319,
      "z": 5.632729896988974,
      "p": 1.7737915347297096e-08,
      "-log2(p)": 25.748588292573743
    }
  },
  "hypertension": {
    "univariate": {
      "coef": 1.319318885418985,
      "exp(coef)": 3.740872546499362,
      "se(coef)": 0.08734031109677343,
      "coef lower 95%": 1.148135021270785,
      "coef upper 95%": 1.490502749567185,
      "exp(coef) lower 95%": 3.152308436005154,
      "exp(coef) upper 95%": 4.4393268277031455,
      "z": 15.105497894977432,
      "p": 1.489768466063355e-51,
      "-log2(p)": 168.84324470911696
    },
    "age_sex_corrected": {
      "coef": 0.821064457531007,
      "exp(coef)": 2.272917974957587,
      "se(coef)": 0.0881610591482087,
      "coef lower 95%": 0.6482719567616124,
      "coef upper 95%": 0.9938569583004015,
      "exp(coef) lower 95%": 1.9122335500200127,
      "exp(coef) upper 95%": 2.7016344948195434,
      "z": 9.313232684179814,
      "p": 1.2399962476209464e-20,
      "-log2(p)": 66.12822614289868
    }
  },
  "type2_diabetes": {
    "univariate": {
      "coef": 1.159340360449084,
      "exp(coef)": 3.1878297638187028,
      "se(coef)": 0.0930161586209272,
      "coef lower 95%": 0.9770320395718017,
      "coef upper 95%": 1.3416486813263662,
      "exp(coef) lower 95%": 2.656559964955884,
      "exp(coef) upper 95%": 3.8253450842985823,
      "z": 12.463859802830541,
      "p": 1.1754092049029485e-35,
      "-log2(p)": 116.03432021949364
    },
    "age_sex_corrected": {
      "coef": 0.7353107213126664,
      "exp(coef)": 2.08613009689199,
      "se(coef)": 0.09334136120385586,
      "coef lower 95%": 0.5523650150851647,
      "coef upper 95%": 0.9182564275401681,
      "exp(coef) lower 95%": 1.737357038523523,
      "exp(coef) upper 95%": 2.50491907228064,
      "z": 7.87765157727624,
      "p": 3.335913840559975e-15,
      "-log2(p)": 48.09083939573951
    }
  },
  "obesity": {
    "univariate": {
      "coef": 0.5177740612067052,
      "exp(coef)": 1.6782877230701274,
      "se(coef)": 0.11072771580879075,
      "coef lower 95%": 0.30075172613108897,
      "coef upper 95%": 0.7347963962823214,
      "exp(coef) lower 95%": 1.3508739132078509,
      "exp(coef) upper 95%": 2.085057423841548,
      "z": 4.676101709718451,
      "p": 2.923796346674374e-06,
      "-log2(p)": 18.38372574362725
    },
    "age_sex_corrected": {
      "coef": 0.6465192342504541,
      "exp(coef)": 1.9088848707403505,
      "se(coef)": 0.11289540027463076,
      "coef lower 95%": 0.4252483156919445,
      "coef upper 95%": 0.8677901528089638,
      "exp(coef) lower 95%": 1.5299702881285275,
      "exp(coef) upper 95%": 2.3816419691382253,
      "z": 5.726710146540278,
      "p": 1.0239689938267287e-08,
      "-log2(p)": 26.541252728457927
    }
  },
  "cad": {
    "univariate": {
      "coef": 1.1586171515128547,
      "exp(coef)": 3.1855251303125547,
      "se(coef)": 0.08584798077584456,
      "coef lower 95%": 0.9903582010467125,
      "coef upper 95%": 1.326876101978997,
      "exp(coef) lower 95%": 2.692198648028266,
      "exp(coef) upper 95%": 3.7692502235244705,
      "z": 13.496149135273082,
      "p": 1.6476591970124302e-41,
      "-log2(p)": 135.4786340250608
    },
    "age_sex_corrected": {
      "coef": 0.6397105814238895,
      "exp(coef)": 1.8959320819291503,
      "se(coef)": 0.0870371544932813,
      "coef lower 95%": 0.46912089330020956,
      "coef upper 95%": 0.8103002695475694,
      "exp(coef) lower 95%": 1.5985882456819724,
      "exp(coef) upper 95%": 2.2485830663384685,
      "z": 7.3498563360463605,
      "p": 1.9842000254937315e-13,
      "-log2(p)": 42.19650776363661
    }
  }
}