{
  "age_over_65": {
    "univariate": {
      "coef": 0.5251698307758883,
      "exp(coef)": 1.6907459646968221,
      "se(coef)": 0.09119875363848856,
      "coef lower 95%": 0.34642355820950954,
      "coef upper 95%": 0.7039161033422671,
      "exp(coef) lower 95%": 1.4140014009001656,
      "exp(coef) upper 95%": 2.0216542326752744,
      "z": 5.7585198242693,
      "p": 8.485470296301201e-09,
      "-log2(p)": 26.81235823248128
    },
    "age_sex_corrected": {
      "coef": 0.29263171234874413,
      "exp(coef)": 1.3399492127996029,
      "se(coef)": 0.15580406858097545,
      "coef lower 95%": -0.012738650714776367,
      "coef upper 95%": 0.5980020754122646,
      "exp(coef) lower 95%": 0.987342142466993,
      "exp(coef) upper 95%": 1.8184819786949364,
      "z": 1.8782032780912636,
      "p": 0.06035336189829401,
      "-log2(p)": 4.050422053278146
    }
  },
  "refctrl": {
    "univariate": {
      "coef": 0.3835854954538642,
      "exp(coef)": 1.4675370148285833,
      "se(coef)": 0.12500883674831284,
      "coef lower 95%": 0.13857267767792386,
      "coef upper 95%": 0.6285983132298045,
      "exp(coef) lower 95%": 1.1486331585274343,
      "exp(coef) upper 95%": 1.874980600989285,
      "z": 3.0684670414633004,
      "p": 0.002151600607020993,
      "-log2(p)": 8.860373983601159
    },
    "age_sex_corrected": {
      "coef": 0.3471855163088783,
      "exp(coef)": 1.4150792212949432,
      "se(coef)": 0.12504516139083932,
      "coef lower 95%": 0.10210150354183473,
      "coef upper 95%": 0.5922695290759219,
      "exp(coef) lower 95%": 1.1074958807773447,
      "exp(coef) upper 95%": 1.808087269033629,
      "z": 2.776481012517712,
      "p": 0.005495084458263706,
      "-log2(p)": 7.507642629405357
    }
  },
  "macula": {
    "univariate": {
      "coef": 0.7756007544389486,
      "exp(coef)": 2.171896511807191,
      "se(coef)": 0.27124373131440876,
      "coef lower 95%": 0.24397281003044813,
      "coef upper 95%": 1.307228698847449,
      "exp(coef) lower 95%": 1.2763096271977639,
      "exp(coef) upper 95%": 3.695917007503169,
      "z": 2.859423702367229,
      "p": 0.004244114985212472,
      "-log2(p)": 7.880320541145369
    },
    "age_sex_corrected": {
      "coef": 0.6142364694698166,
      "exp(coef)": 1.8482448692923723,
      "se(coef)": 0.27375517290262896,
      "coef lower 95%": 0.07768618999912846,
      "coef upper 95%": 1.1507867489405048,
      "exp(coef) lower 95%": 1.0807834447947606,
      "exp(coef) upper 95%": 3.1606785922912377,
      "z": 2.2437437910562963,
      "p": 0.024848890804087184,
      "-log2(p)": 5.330674735055878
    }
  },
  "compl_def": {
    "univariate": {
      "coef": -11.901057055590867,
      "exp(coef)": 6.7832307643627265e-06,
      "se(coef)": 673.3395823149631,
      "coef lower 95%": -1331.6223877581615,
      "coef upper 95%": 1307.8202736469798,
      "exp(coef) lower 95%": 0.0,
      "exp(coef) upper 95%": Infinity,
      "z": -0.017674673178538904,
      "p": 0.9858983853675658,
      "-log2(p)": 0.0204891363986465
    },
    "age_sex_corrected": {
      "coef": -11.915983333376527,
      "exp(coef)": 6.682734262864467e-06,
      "se(coef)": 661.3131491135473,
      "coef lower 95%": -1308.0659380986956,
      "coef upper 95%": 1284.2339714319426,
      "exp(coef) lower 95%": 0.0,
      "exp(coef) upper 95%": Infinity,
      "z": -0.018018669898442554,
      "p": 0.9856239594034611,
      "-log2(p)": 0.0208907681438935
    }
  },
  "coagulation": {
    "univariate": {
      "coef": 0.30327957177120746,
      "exp(coef)": 1.3542930336233383,
      "se(coef)": 0.1082284884990654,
      "coef lower 95%": 0.09115563221183182,
      "coef upper 95%": 0.515403511330583,
      "exp(coef) lower 95%": 1.095439477661459,
      "exp(coef) upper 95%": 1.67431397016671,
      "z": 2.8022157195129487,
      "p": 0.005075292432320784,
      "-log2(p)": 7.622293333594945
    },
    "age_sex_corrected": {
      "coef": 0.28297730599713383,
      "exp(coef)": 1.32707504483055,
      "se(coef)": 0.1097635007671562,
      "coef lower 95%": 0.06784479767647308,
      "coef upper 95%": 0.49810981431779455,
      "exp(coef) lower 95%": 1.070199198186561,
      "exp(coef) upper 95%": 1.6456078247827282,
      "z": 2.5780637827634525,
      "p": 0.009935565671395594,
      "-log2(p)": 6.653182176463932
    }
  },
  "hypertension": {
    "univariate": {
      "coef": 0.5675404433468418,
      "exp(coef)": 1.7639232425546283,
      "se(coef)": 0.09227157078833319,
      "coef lower 95%": 0.3866914878047707,
      "coef upper 95%": 0.748389398888913,
      "exp(coef) lower 95%": 1.4721022597090048,
      "exp(coef) upper 95%": 2.1135931183472807,
      "z": 6.15076169721608,
      "p": 7.711170754276112e-10,
      "-log2(p)": 30.27233103384852
    },
    "age_sex_corrected": {
      "coef": 0.4591217961337413,
      "exp(coef)": 1.58268345576986,
      "se(coef)": 0.0973006729625709,
      "coef lower 95%": 0.26841598145559215,
      "coef upper 95%": 0.6498276108118906,
      "exp(coef) lower 95%": 1.3078910853089374,
      "exp(coef) upper 95%": 1.915210638947008,
      "z": 4.718588085309069,
      "p": 2.37487135086489e-06,
      "-log2(p)": 18.683719205984275
    }
  },
  "type2_diabetes": {
    "univariate": {
      "coef": 0.6530910494215685,
      "exp(coef)": 1.9214710209218335,
      "se(coef)": 0.11000866060755682,
      "coef lower 95%": 0.4374780366432669,
      "coef upper 95%": 0.8687040621998701,
      "exp(coef) lower 95%": 1.548796281495332,
      "exp(coef) upper 95%": 2.3838195690125183,
      "z": 5.936723943502915,
      "p": 2.9077365138164915e-09,
      "-log2(p)": 28.357456309430482
    },
    "age_sex_corrected": {
      "coef": 0.5141761064682814,
      "exp(coef)": 1.6722601697388648,
      "se(coef)": 0.1127934011125583,
      "coef lower 95%": 0.29310510259388706,
      "coef upper 95%": 0.7352471103426756,
      "exp(coef) lower 95%": 1.3405836818498102,
      "exp(coef) upper 95%": 2.085997400353522,
      "z": 4.558565495823439,
      "p": 5.1504203155221365e-06,
      "-log2(p)": 17.56687839676119
    }
  },
  "obesity": {
    "univariate": {
      "coef": 0.29073737367198854,
      "exp(coef)": 1.337413297880113,
      "se(coef)": 0.12568752040626713,
      "coef lower 95%": 0.044394360369561875,
      "coef upper 95%": 0.5370803869744152,
      "exp(coef) lower 95%": 1.0453945357846666,
      "exp(coef) upper 95%": 1.711004092827013,
      "z": 2.3131761429632878,
      "p": 0.020712956677704175,
      "-log2(p)": 5.593322683546057
    },
    "age_sex_corrected": {
      "coef": 0.3886920514357757,
      "exp(coef)": 1.475050241780543,
      "se(coef)": 0.1270973291679168,
      "coef lower 95%": 0.13958586373542664,
      "coef upper 95%": 0.6377982391361248,
      "exp(coef) lower 95%": 1.149797527390382,
      "exp(coef) upper 95%": 1.8923098753874033,
      "z": 3.058223599036047,
      "p": 0.002226533731581108,
      "-log2(p)": 8.810984816148212
    }
  },
  "cad": {
    "univariate": {
      "coef": 0.4017089131174114,
      "exp(coef)": 1.4943762760278696,
      "se(coef)": 0.09757028737800089,
      "coef lower 95%": 0.21047466389530667,
      "coef upper 95%": 0.5929431623395162,
      "exp(coef) lower 95%": 1.234263781389648,
      "exp(coef) upper 95%": 1.809305667092188,
      "z": 4.11712339803956,
      "p": 3.8363069211038734e-05,
      "-log2(p)": 14.669922327636208
    },
    "age_sex_corrected": {
      "coef": 0.2762117912234752,
      "exp(coef)": 1.3181270021972438,
      "se(coef)": 0.10152833680674653,
      "coef lower 95%": 0.07721990767199968,
      "coef upper 95%": 0.47520367477495074,
      "exp(coef) lower 95%": 1.0802796120482807,
      "exp(coef) upper 95%": 1.6083417427707971,
      "z": 2.7205389146601386,
      "p": 0.006517560007388192,
      "-log2(p)": 7.261452323899672
    }
  }
}